not_found_org,not_found_mod,not_found_trans,not_found_cat,Column1
'all-good','all-good','all-good',TL-NW-SP-Error,"''all-good'':''all-good'',"
(a,(a,(a,TL-NW-SP-Error,"'(a':'(a',"
(awt),(awt),(awt),TL-NW-SP-Error,"'(awt)':'(awt)',"
(awt@2020),(awt@2020),(awt@2020),TL-NW-SP-Error,"'(awt@2020)':'(awt@2020)',"
(shutters),(shutters),(shutters),TL-NW-SP-Error,"'(shutters)':'(shutters)',"
3d,3`Di,???,TL-NW-ALNUM,"'3d':'???',"
??,??,??,TL-NW-SP-Error,"'??':'??',"
a-life,a-life,a-life,TL-NW-Error,"'a-life':'a-life',"
a-man's,a-man's,a-man's,TL-NW-SP-Error,"'a-man's':'a-man's',"
acoustics,eKOsTiks,??????????,TL-NW-ALNUM,"'acoustics':'??????????',"
affection,affec`Son,???????,TL-NW-ALNUM,"'affection':'???????',"
al-falah,al-falah,??-?????,TL-NW-Error,"'al-falah':'??-?????',"
al-farq,al-farq,??-????,TL-NW-Error,"'al-farq':'??-????',"
al-fatah,al-fatah,??-?????,TL-NW-Error,"'al-fatah':'??-?????',"
al-fateh,al-fateh,??-?????,TL-NW-Error,"'al-fateh':'??-?????',"
al-fath,al-fath,??-???,TL-NW-Error,"'al-fath':'??-???',"
al-fayyadh,al-fayyadh,??-??????,TL-NW-Error,"'al-fayyadh':'??-??????',"
al-firdaus,al-firdaus,??-??????,TL-NW-Error,"'al-firdaus':'??-??????',"
al-gard,al-gard,??-?????,TL-NW-Error,"'al-gard':'??-?????',"
al-ham,al-ham,??-???,TL-NW-Error,"'al-ham':'??-???',"
al-harram,al-harram,??-??????,TL-NW-Error,"'al-harram':'??-??????',"
al-hejjaz,al-hejjaz,??-???????,TL-NW-Error,"'al-hejjaz':'??-???????',"
al-hidayah,al-hidayah,??-???????,TL-NW-Error,"'al-hidayah':'??-???????',"
al-islam,al-islam,??-?????,TL-NW-Error,"'al-islam':'??-?????',"
al-jawaher,al-jawaher,??-?????????,TL-NW-Error,"'al-jawaher':'??-?????????',"
al-jodid,al-jodid,??-?????,TL-NW-Error,"'al-jodid':'??-?????',"
al-kausar,al-kausar,??-??????,TL-NW-Error,"'al-kausar':'??-??????',"
al-kawsar,al-kawsar,??-??????,TL-NW-Error,"'al-kawsar':'??-??????',"
al-khaliz,al-khaliz,??-?????,TL-NW-Error,"'al-khaliz':'??-?????',"
al-khayer,al-khayer,??-??????,TL-NW-Error,"'al-khayer':'??-??????',"
al-kousar,al-kousar,??-??????,TL-NW-Error,"'al-kousar':'??-??????',"
al-kurma,al-kurma,??-?????,TL-NW-Error,"'al-kurma':'??-?????',"
al-maarij,al-maarij,??-?????,TL-NW-Error,"'al-maarij':'??-?????',"
al-madina,al-madina,??-?????,TL-NW-Error,"'al-madina':'??-?????',"
al-mahdi,al-mahdi,??-?????,TL-NW-Error,"'al-mahdi':'??-?????',"
al-mahi,al-mahi,??-????,TL-NW-Error,"'al-mahi':'??-????',"
al-mahmud,al-mahmud,?? ??????,TL-NW-Error,"'al-mahmud':'?? ??????',"
al-mansur,al-mansur,??-??????,TL-NW-Error,"'al-mansur':'??-??????',"
al-masa,al-masa,??-????,TL-NW-Error,"'al-masa':'??-????',"
al-masud,al-masud,??-?????,TL-NW-Error,"'al-masud':'??-?????',"
al-memar,al-memar,??-?????,TL-NW-Error,"'al-memar':'??-?????',"
al-mim,al-mim,??-???,TL-NW-Error,"'al-mim':'??-???',"
al-modina,al-modina,??-??????,TL-NW-Error,"'al-modina':'??-??????',"
al-monir,al-monir,??-????,TL-NW-Error,"'al-monir':'??-????',"
al-mubarak,al-mubarak,??-??????,TL-NW-Error,"'al-mubarak':'??-??????',"
al-mullk,al-mullk,??-????,TL-NW-Error,"'al-mullk':'??-????',"
al-musawwir,al-musawwir,??-????????,TL-NW-Error,"'al-musawwir':'??-????????',"
al-noor,al-noor,??-???,TL-NW-Error,"'al-noor':'??-???',"
al-nuaim,al-nuaim,??-???????,TL-NW-Error,"'al-nuaim':'??-???????',"
al-qamar,al-qamar,??-?????,TL-NW-Error,"'al-qamar':'??-?????',"
al-qolam,al-qolam,??-?????,TL-NW-Error,"'al-qolam':'??-?????',"
al-queed,al-queed,??-????,TL-NW-Error,"'al-queed':'??-????',"
al-rahman,al-rahman,??-?????,TL-NW-Error,"'al-rahman':'??-?????',"
al-rumman,al-rumman,??-??????,TL-NW-Error,"'al-rumman':'??-??????',"
al-rwad,al-rwad,??-??????,TL-NW-Error,"'al-rwad':'??-??????',"
al-seedawi,al-seedawi,??-????????,TL-NW-Error,"'al-seedawi':'??-????????',"
al-tezara,al-tezara,??-?????,TL-NW-Error,"'al-tezara':'??-?????',"
al-wafiey,al-wafiey,??-?????????,TL-NW-Error,"'al-wafiey':'??-?????????',"
al-wasi,al-wasi,??-??????,TL-NW-Error,"'al-wasi':'??-??????',"
al-zaafaran,al-zaafaran,??-??????,TL-NW-Error,"'al-zaafaran':'??-??????',"
al-zahra,al-zahra,??-?????,TL-NW-Error,"'al-zahra':'??-?????',"
al-zhafirah,al-zhafirah,??-???????,TL-NW-Error,"'al-zhafirah':'??-???????',"
al-zohaib,al-zohaib,??-??????,TL-NW-Error,"'al-zohaib':'??-??????',"
alexa's,alexa's,???????????,TL-NW-SP-Error,"'alexa's':'???????????',"
alexanders,alexander's,????????????,TL-NW-SP-Error,"'alexanders':'????????????',"
alexanderdecasta,alexanderdecasta,?????????????????,Long-word,"'alexanderdecasta':'?????????????????',"
alexandra,alexandra,?????????????,TL-NW-ALNUM,"'alexandra':'?????????????',"
alexandrademarkoff,alexandrademarkoff,????????????????????,Long-word,"'alexandrademarkoff':'????????????????????',"
alexandria,alexandria,???????????????,TL-NW-ALNUM,"'alexandria':'???????????????',"
alexia,alexia,?????????,TL-NW-ALNUM,"'alexia':'?????????',"
alexis,alexis,????????,TL-NW-ALNUM,"'alexis':'????????',"
alexj,alexj,???????,TL-NW-ALNUM,"'alexj':'???????',"
alexshop,alexshop,????????,TL-NW-ALNUM,"'alexshop':'????????',"
aleya,aleya,?????,TL-NW-ALNUM,"'aleya':'?????',"
aleyas,aleya's,??????,TL-NW-SP-Error,"'aleyas':'??????',"
aleyna,aleyna,??????,TL-NW-ALNUM,"'aleyna':'??????',"
alf,alf,???,TL-NW-ALNUM,"'alf':'???',"
alfa,alfa,????,TL-NW-ALNUM,"'alfa':'????',"
alfaflex,alfaflex,???????????,TL-NW-ALNUM,"'alfaflex':'???????????',"
alfajr,alfe jer,??? ???,TL-NW-ALNUM,"'alfajr':'??? ???',"
alfakher,alfakhar,???????,TL-NW-ALNUM,"'alfakher':'???????',"
alfal,alfal,?????,TL-NW-ALNUM,"'alfal':'?????',"
alfamidi,alfamidi,????????,TL-NW-ALNUM,"'alfamidi':'????????',"
alfani,alfZani,????????,TL-NW-ALNUM,"'alfani':'????????',"
alfaro,alfaro,?????,TL-NW-ALNUM,"'alfaro':'?????',"
alfasal,alfasal,???????,TL-NW-ALNUM,"'alfasal':'???????',"
alfateh,alfateh,???????,TL-NW-ALNUM,"'alfateh':'???????',"
alfawise,alfawise,???????,TL-NW-ALNUM,"'alfawise':'???????',"
alfaz,alfaz,?????,TL-NW-ALNUM,"'alfaz':'?????',"
alffa,alffa,?????,TL-NW-ALNUM,"'alffa':'?????',"
alfina,alfina,??????,TL-NW-ALNUM,"'alfina':'??????',"
alfine,alfine,?????,TL-NW-ALNUM,"'alfine':'?????',"
alfio,alfio,?????,TL-NW-ALNUM,"'alfio':'?????',"
alfred's,alfred's,????????,TL-NW-SP-Error,"'alfred's':'????????',"
alfredo,alfredo,????????,TL-NW-ALNUM,"'alfredo':'????????',"
alfven,alfven,??????,TL-NW-ALNUM,"'alfven':'??????',"
algarde,alGarrDe,???????,TL-NW-ALNUM,"'algarde':'???????',"
algenist,algenisT,??????????,TL-NW-ALNUM,"'algenist':'??????????',"
algol,algol,?????,TL-NW-ALNUM,"'algol':'?????',"
algoma,algoma,??????,TL-NW-ALNUM,"'algoma':'??????',"
algs,algs,?????,TL-NW-ALNUM,"'algs':'?????',"
alha,alha,????,TL-NW-ALNUM,"'alha':'????',"
alhabib,alhabib,???????,TL-NW-ALNUM,"'alhabib':'???????',"
alhafiz,alhafiz,???????,TL-NW-ALNUM,"'alhafiz':'???????',"
alham,alham,?????,TL-NW-ALNUM,"'alham':'?????',"
alhambra,alhambra,??????????,TL-NW-ALNUM,"'alhambra':'??????????',"
alhamdulillah,alhamdulillah,??????????????,TL-NW-ALNUM,"'alhamdulillah':'??????????????',"
alhamdulillha,alhamdulillha,??????????????,TL-NW-ALNUM,"'alhamdulillha':'??????????????',"
alhamdullaha,alhamdullaha,?????????????,TL-NW-ALNUM,"'alhamdullaha':'?????????????',"
alharamain,alharamain,??????????,TL-NW-ALNUM,"'alharamain':'??????????',"
alhasa,alhasa,??????,TL-NW-ALNUM,"'alhasa':'??????',"
alhikmah,alhikmah,????????,TL-NW-ALNUM,"'alhikmah':'????????',"
alhua,alhua,??????,TL-NW-ALNUM,"'alhua':'??????',"
alhusna,alhusna,????????,TL-NW-ALNUM,"'alhusna':'????????',"
ali&boy,ali&boy,?????,TL-NW-SP-Error,"'ali&boy':'?????',"
ali's,ali's,ali's,TL-NW-SP-Error,"'ali's':'ali's',"
ali?boy,ali?boy,ali?boy,TL-NW-SP-Error,"'ali?boy':'ali?boy',"
alia,alia,?????,TL-NW-ALNUM,"'alia':'?????',"
alian,alian,??????,TL-NW-ALNUM,"'alian':'??????',"
alianza,alianza,????????,TL-NW-ALNUM,"'alianza':'????????',"
alibaba,alibaba,???????,TL-NW-ALNUM,"'alibaba':'???????',"
alibaba24bd,alibabe24bd,???????????,TL-NW-ALNUM,"'alibaba24bd':'???????????',"
alibd,alibd,??????,TL-NW-ALNUM,"'alibd':'??????',"
alibi,alibi,?????,TL-NW-ALNUM,"'alibi':'?????',"
alicafe,alikZafe`,?????????,TL-NW-ALNUM,"'alicafe':'?????????',"
alice's,alice's,alice's,TL-NW-SP-Error,"'alice's':'alice's',"
alices,alikes,??????,TL-NW-ALNUM,"'alices':'??????',"
aliceshop,alikeshop,???????,TL-NW-ALNUM,"'aliceshop':'???????',"
alicia,alikia,???????,TL-NW-ALNUM,"'alicia':'???????',"
alico,aliko,????,TL-NW-ALNUM,"'alico':'????',"
alicomy,alikomi,??????,TL-NW-ALNUM,"'alicomy':'??????',"
alida,alida,?????,TL-NW-ALNUM,"'alida':'?????',"
alienation,aliena`Son,????????,TL-NW-ALNUM,"'alienation':'????????',"
alientek,alienTek,?????????,TL-NW-ALNUM,"'alientek':'?????????',"
alienvibes,alienvibes,??????????,TL-NW-ALNUM,"'alienvibes':'??????????',"
alienwork,alienOyark,??????????,TL-NW-ALNUM,"'alienwork':'??????????',"
alienx,alienx,????????,TL-NW-ALNUM,"'alienx':'????????',"
aliexpress,aliexpris,????????????,TL-NW-ALNUM,"'aliexpress':'????????????',"
aliexpressmart,aliexprisMarrT,??????????????????,TL-NW-ALNUM,"'aliexpressmart':'??????????????????',"
alif,alif,????,TL-NW-ALNUM,"'alif':'????',"
alifa,alifa,?????,TL-NW-ALNUM,"'alifa':'?????',"
alifcomputer,alifkompuTar,????????????,TL-NW-ALNUM,"'alifcomputer':'????????????',"
alife,alaiF,?????,TL-NW-ALNUM,"'alife':'?????',"
alifedesign,alaiFDi`sa`in,???????????,TL-NW-ALNUM,"'alifedesign':'???????????',"
alifexpress,alaiFxpris,?????????????,TL-NW-ALNUM,"'alifexpress':'?????????????',"
aliff,aliff,?????,TL-NW-ALNUM,"'aliff':'?????',"
aliffa,aliffa,??????,TL-NW-ALNUM,"'aliffa':'??????',"
aliftrade,alifTreD,?????????,TL-NW-ALNUM,"'aliftrade':'?????????',"
aligarden,aliGarrDen,??????????,TL-NW-ALNUM,"'aligarden':'??????????',"
alight,alaiT,?????,TL-NW-ALNUM,"'alight':'?????',"
aliibaba,aliibaba,????????,TL-NW-ALNUM,"'aliibaba':'????????',"
alikemoduo,alikemoduo,?????????,TL-NW-ALNUM,"'alikemoduo':'?????????',"
alima,alima,?????,TL-NW-ALNUM,"'alima':'?????',"
alimart,aliMarrT,????????,TL-NW-ALNUM,"'alimart':'????????',"
alimeri,alimeri,???????,TL-NW-ALNUM,"'alimeri':'???????',"
alimrose,alimrOse,????????,TL-NW-ALNUM,"'alimrose':'????????',"
alin,alin,????,TL-NW-ALNUM,"'alin':'????',"
aline,ala`in,?????,TL-NW-ALNUM,"'aline':'?????',"
alinen,ala`inn,???????,TL-NW-ALNUM,"'alinen':'???????',"
alink,alink,??????,TL-NW-ALNUM,"'alink':'??????',"
alinoon,alinoon,??????,TL-NW-ALNUM,"'alinoon':'??????',"
alinta,alinta,???????,TL-NW-ALNUM,"'alinta':'???????',"
alintisaar,alinTisaar,??????????,TL-NW-ALNUM,"'alintisaar':'??????????',"
alio,alio,????,TL-NW-ALNUM,"'alio':'????',"
alipolo,alipolo,?????,TL-NW-ALNUM,"'alipolo':'?????',"
alipower,alipa``Oar,?????????,TL-NW-ALNUM,"'alipower':'?????????',"
aliprince,aliprince,??????????,TL-NW-ALNUM,"'aliprince':'??????????',"
aliqa,aliqa,?????,TL-NW-ALNUM,"'aliqa':'?????',"
alis,alis,????,TL-NW-ALNUM,"'alis':'????',"
alisara,alisara,???????,TL-NW-ALNUM,"'alisara':'???????',"
alish,alish,????,TL-NW-ALNUM,"'alish':'????',"
alisha,alisha,?????,TL-NW-ALNUM,"'alisha':'?????',"
alishan,alishan,??????,TL-NW-ALNUM,"'alishan':'??????',"
alissa,alisa,?????,TL-NW-ALNUM,"'alissa':'?????',"
alissi,alisi,?????,TL-NW-ALNUM,"'alissi':'?????',"
alist,alisT,??????,TL-NW-ALNUM,"'alist':'??????',"
alita,alita,?????,TL-NW-ALNUM,"'alita':'?????',"
alive,alive,????,TL-NW-ALNUM,"'alive':'????',"
aliver,aliver,??????,TL-NW-ALNUM,"'aliver':'??????',"
alivila,alivila,???????,TL-NW-ALNUM,"'alivila':'???????',"
alivio,alivio,??????,TL-NW-ALNUM,"'alivio':'??????',"
aliwawa,aliwawa,???????,TL-NW-ALNUM,"'aliwawa':'???????',"
alix,alix,??????,TL-NW-ALNUM,"'alix':'??????',"
alixixi,alixixi,???????????,TL-NW-ALNUM,"'alixixi':'???????????',"
aliya,aliya,?????,TL-NW-ALNUM,"'aliya':'?????',"
aliyas,aliyas,??????,TL-NW-ALNUM,"'aliyas':'??????',"
aliz,aliz,????,TL-NW-ALNUM,"'aliz':'????',"
alizah,alizah,??????,TL-NW-ALNUM,"'alizah':'??????',"
alizz,alizz,?????,TL-NW-ALNUM,"'alizz':'?????',"
aljalabiya,alja`lZabiya,????????????,TL-NW-ALNUM,"'aljalabiya':'????????????',"
alk,alk,????,TL-NW-ALNUM,"'alk':'????',"
alka,alka,?????,TL-NW-ALNUM,"'alka':'?????',"
alkaff,alkaff,???????,TL-NW-ALNUM,"'alkaff':'???????',"
alkair,alkair,???????,TL-NW-ALNUM,"'alkair':'???????',"
alkaliser,alkaliser,??????????,TL-NW-ALNUM,"'alkaliser':'??????????',"
alkalol,alkalol,???????,TL-NW-ALNUM,"'alkalol':'???????',"
alkaram,alkaram,????????,TL-NW-ALNUM,"'alkaram':'????????',"
alkauthar,alkauthar,?????????,TL-NW-ALNUM,"'alkauthar':'?????????',"
alkaviva,alkaviva,?????????,TL-NW-ALNUM,"'alkaviva':'?????????',"
alkes,alkes,??????,TL-NW-ALNUM,"'alkes':'??????',"
alkhadra,alkhadra,????????,TL-NW-ALNUM,"'alkhadra':'????????',"
alkhair,alkhair,??????,TL-NW-ALNUM,"'alkhair':'??????',"
alkhairi,alkhairi,???????,TL-NW-ALNUM,"'alkhairi':'???????',"
alkinlab,alkin`lZab,???????????,TL-NW-ALNUM,"'alkinlab':'???????????',"
alkkemist,alkkemisT,???????????,TL-NW-ALNUM,"'alkkemist':'???????????',"
alkmene,alkmene,???????,TL-NW-ALNUM,"'alkmene':'???????',"
all-belle,all-belle,all-belle,TL-NW-Error,"'all-belle':'all-belle',"
all-clad,all-clad,all-clad,TL-NW-Error,"'all-clad':'all-clad',"
all-ett,all-ett,all-ett,TL-NW-Error,"'all-ett':'all-ett',"
all-in-one,all-in-one,all-in-one,TL-NW-Error,"'all-in-one':'all-in-one',"
all-joint,all-joint,all-joint,TL-NW-Error,"'all-joint':'all-joint',"
all-mahdi,all-mahdi,all-mahdi,TL-NW-Error,"'all-mahdi':'all-mahdi',"
all-out,all-out,all-out,TL-NW-Error,"'all-out':'all-out',"
allaher,allahar,????????,TL-NW-ALNUM,"'allaher':'????????',"
allahor,allahor,???????,TL-NW-ALNUM,"'allahor':'???????',"
allahu,allahu,???????,TL-NW-ALNUM,"'allahu':'???????',"
allan,allan,??????,TL-NW-ALNUM,"'allan':'??????',"
allant,allant,????????,TL-NW-ALNUM,"'allant':'????????',"
allaro,allaro,??????,TL-NW-ALNUM,"'allaro':'??????',"
allbingo,allbingO,??????????,TL-NW-ALNUM,"'allbingo':'??????????',"
allcall,allkall,?????????,TL-NW-ALNUM,"'allcall':'?????????',"
allcrafthings,allkrafThings,?????????????,TL-NW-ALNUM,"'allcrafthings':'?????????????',"
alldays,alldays,????????,TL-NW-ALNUM,"'alldays':'????????',"
alldocube,alldocube,????????,TL-NW-ALNUM,"'alldocube':'????????',"
allegiant,allegiant,????????????,TL-NW-ALNUM,"'allegiant':'????????????',"
allegri,allegri,?????????,TL-NW-ALNUM,"'allegri':'?????????',"
allegrini,allegrini,???????????,TL-NW-ALNUM,"'allegrini':'???????????',"
allek,allek,??????,TL-NW-ALNUM,"'allek':'??????',"
allens,allens,????????,TL-NW-ALNUM,"'allens':'????????',"
allenti,allenTi,?????????,TL-NW-ALNUM,"'allenti':'?????????',"
aller-a,aller-a,aller-a,TL-NW-Error,"'aller-a':'aller-a',"
aller-ease,aller-ease,aller-ease,TL-NW-Error,"'aller-ease':'aller-ease',"
allercare,allerkeyar,???????????,TL-NW-ALNUM,"'allercare':'???????????',"
allergan,allergan,?????????,TL-NW-ALNUM,"'allergan':'?????????',"
allergenics,allergeniks,?????????????,TL-NW-ALNUM,"'allergenics':'?????????????',"
allerhand,allerhZanD,?????????????,TL-NW-ALNUM,"'allerhand':'?????????????',"
allertex,allerTex,???????????,TL-NW-ALNUM,"'allertex':'???????????',"
allett,alleTt,???????,TL-NW-ALNUM,"'allett':'???????',"
allex,allex,????????,TL-NW-ALNUM,"'allex':'????????',"
alley,alley,??????,TL-NW-ALNUM,"'alley':'??????',"
alleyana,alleyaZna,????????????,TL-NW-ALNUM,"'alleyana':'????????????',"
allfurni,allfurni,?????????,TL-NW-ALNUM,"'allfurni':'?????????',"
allganic,allganic,?????????,TL-NW-ALNUM,"'allganic':'?????????',"
allgo,allgo,?????,TL-NW-ALNUM,"'allgo':'?????',"
allgood,allgooD,???????,TL-NW-ALNUM,"'allgood':'???????',"
allgoodmy,allgooDmi,?????????,TL-NW-ALNUM,"'allgoodmy':'?????????',"
allgoods,allgooDs,????????,TL-NW-ALNUM,"'allgoods':'????????',"
allgreat,allgreat,???????????,TL-NW-ALNUM,"'allgreat':'???????????',"
allgroo,allgroo,????????,TL-NW-ALNUM,"'allgroo':'????????',"
allia,allia,???????,TL-NW-ALNUM,"'allia':'???????',"
allianz,allianz,?????????,TL-NW-ALNUM,"'allianz':'?????????',"
allibert,allibert,?????????,TL-NW-ALNUM,"'allibert':'?????????',"
allied,allied,???????,TL-NW-ALNUM,"'allied':'???????',"
alligator,alligaTor,?????????,TL-NW-ALNUM,"'alligator':'?????????',"
allike,allike,??????,TL-NW-ALNUM,"'allike':'??????',"
allin,allin,??????,TL-NW-ALNUM,"'allin':'??????',"
allin1,allin1,???????,TL-NW-ALNUM,"'allin1':'???????',"
alline,alla`in,???????,TL-NW-ALNUM,"'alline':'???????',"
allipet,allipeT,????????,TL-NW-ALNUM,"'allipet':'????????',"
allisa,allisa,???????,TL-NW-ALNUM,"'allisa':'???????',"
allisjoy,allisjoy,????????,TL-NW-ALNUM,"'allisjoy':'????????',"
allisto,allisTo,????????,TL-NW-ALNUM,"'allisto':'????????',"
alliswell,allisOyel,??????????,TL-NW-ALNUM,"'alliswell':'??????????',"
allium,allium,???????,TL-NW-ALNUM,"'allium':'???????',"
allmart,allMarrT,?????????,TL-NW-ALNUM,"'allmart':'?????????',"
allmaskstory,allmasksTOri,???????????????,TL-NW-ALNUM,"'allmaskstory':'???????????????',"
allmax,allmZax,???????????,TL-NW-ALNUM,"'allmax':'???????????',"
allmaxx,allmZax,???????????,TL-NW-ALNUM,"'allmaxx':'???????????',"
allmygold,allmigO`lD,???????????,TL-NW-ALNUM,"'allmygold':'???????????',"
allnet,allneT,???????,TL-NW-ALNUM,"'allnet':'???????',"
allnice,allna`is,????????,TL-NW-ALNUM,"'allnice':'????????',"
allo,allo,????,TL-NW-ALNUM,"'allo':'????',"
alloet,alloet,??????,TL-NW-ALNUM,"'alloet':'??????',"
allomn,allomn,???????,TL-NW-ALNUM,"'allomn':'???????',"
allone,allone,?????,TL-NW-ALNUM,"'allone':'?????',"
allora,allora,??????,TL-NW-ALNUM,"'allora':'??????',"
alloura,alloura,???????,TL-NW-ALNUM,"'alloura':'???????',"
allove,allove,?????,TL-NW-ALNUM,"'allove':'?????',"
allow,allow,?????,TL-NW-ALNUM,"'allow':'?????',"
allowel,allowel,???????,TL-NW-ALNUM,"'allowel':'???????',"
alloy,alloy,?????,TL-NW-ALNUM,"'alloy':'?????',"
allparts,allparTs,?????????,TL-NW-ALNUM,"'allparts':'?????????',"
allproducts,allprOducts,?????????????,TL-NW-ALNUM,"'allproducts':'?????????????',"
allrearmost,allrearmosT,??????????????,TL-NW-ALNUM,"'allrearmost':'??????????????',"
allreli,allreli,?????????,TL-NW-ALNUM,"'allreli':'?????????',"
allright,allright,?????????,TL-NW-ALNUM,"'allright':'?????????',"
allrise,allrise,????????,TL-NW-ALNUM,"'allrise':'????????',"
allsix,allsix,?????????,TL-NW-ALNUM,"'allsix':'?????????',"
allsop,allsop,??????,TL-NW-ALNUM,"'allsop':'??????',"
allstar,allsTar,?????????,TL-NW-ALNUM,"'allstar':'?????????',"
allstate,allsTate,?????????,TL-NW-ALNUM,"'allstate':'?????????',"
allstyle,allsTa`il,??????????,TL-NW-ALNUM,"'allstyle':'??????????',"
alltechland,allTeklZanD,???????????????,TL-NW-ALNUM,"'alltechland':'???????????????',"
alltest,allTesT,?????????,TL-NW-ALNUM,"'alltest':'?????????',"
alltex,allTex,?????????,TL-NW-ALNUM,"'alltex':'?????????',"
allthegoodswedo,allthegoodswedo,allthegoodswedo,Long-word,"'allthegoodswedo':'allthegoodswedo',"
allthumb,allthumb,?????????,TL-NW-ALNUM,"'allthumb':'?????????',"
allugograbs,allugograZbs,???????????????,TL-NW-ALNUM,"'allugograbs':'???????????????',"
alluora,alluora,????????,TL-NW-ALNUM,"'alluora':'????????',"
allura,allura,???????,TL-NW-ALNUM,"'allura':'???????',"
allvit,allvit,???????,TL-NW-ALNUM,"'allvit':'???????',"
allweiz,allweiz,?????????,TL-NW-ALNUM,"'allweiz':'?????????',"
allwesome,allwesome,?????????,TL-NW-ALNUM,"'allwesome':'?????????',"
allwin,alluin,???????,TL-NW-ALNUM,"'allwin':'???????',"
allwinner,alluinner,???????????,TL-NW-ALNUM,"'allwinner':'???????????',"
allwithinone,allwithinone,???????????,TL-NW-ALNUM,"'allwithinone':'???????????',"
allyace,allieis,????????,TL-NW-ALNUM,"'allyace':'????????',"
allyarnshop,alliarnshop,???????????,TL-NW-ALNUM,"'allyarnshop':'???????????',"
allysian,allisian,??????????,TL-NW-ALNUM,"'allysian':'??????????',"
allyzabba,allizabba,???????????,TL-NW-ALNUM,"'allyzabba':'???????????',"
allz,allz,?????,TL-NW-ALNUM,"'allz':'?????',"
alma,alma,?????,TL-NW-ALNUM,"'alma':'?????',"
almadillo,almZaDillo,????????????,TL-NW-ALNUM,"'almadillo':'????????????',"
almanar,almaZnar,???????????,TL-NW-ALNUM,"'almanar':'???????????',"
almaq,almaq,??????,TL-NW-ALNUM,"'almaq':'??????',"
almar,almar,??????,TL-NW-ALNUM,"'almar':'??????',"
almarai,almarai,????????,TL-NW-ALNUM,"'almarai':'????????',"
almarosa,almarosa,????????,TL-NW-ALNUM,"'almarosa':'????????',"
almarsh,almarsh,???????,TL-NW-ALNUM,"'almarsh':'???????',"
almas,almas,??????,TL-NW-ALNUM,"'almas':'??????',"
almasa,almasa,???????,TL-NW-ALNUM,"'almasa':'???????',"
almatess,almeTs,???????,TL-NW-ALNUM,"'almatess':'???????',"
almay,almay,??????,TL-NW-ALNUM,"'almay':'??????',"
almeida,almeida,????????,TL-NW-ALNUM,"'almeida':'????????',"
almeng,almeng,??????,TL-NW-ALNUM,"'almeng':'??????',"
almer,almer,??????,TL-NW-ALNUM,"'almer':'??????',"
almineblock,almineblOk,????????????,TL-NW-ALNUM,"'almineblock':'????????????',"
almira,almira,???????,TL-NW-ALNUM,"'almira':'???????',"
almo,almo,????,TL-NW-ALNUM,"'almo':'????',"
almon,almon,?????,TL-NW-ALNUM,"'almon':'?????',"
almost,almosT,???????,TL-NW-ALNUM,"'almost':'???????',"
almyty,almiTi,???????,TL-NW-ALNUM,"'almyty':'???????',"
alna,alna,????,TL-NW-ALNUM,"'alna':'????',"
alnakhil,alnakhil,???????,TL-NW-ALNUM,"'alnakhil':'???????',"
alnico,alnico,?????,TL-NW-ALNUM,"'alnico':'?????',"
alnoor,alnoor,?????,TL-NW-ALNUM,"'alnoor':'?????',"
alobon,alobon,????,TL-NW-ALNUM,"'alobon':'????',"
aloderma,aloderma,???????,TL-NW-ALNUM,"'aloderma':'???????',"
aloe,aloe,???,TL-NW-ALNUM,"'aloe':'???',"
aloe99,aloe99,?????,TL-NW-ALNUM,"'aloe99':'?????',"
aloeshafy,aloeshafy,????????,TL-NW-ALNUM,"'aloeshafy':'????????',"
aloevera,aloevera,???????,TL-NW-ALNUM,"'aloevera':'???????',"
aloghar,aloghar,?????,TL-NW-ALNUM,"'aloghar':'?????',"
aloghor,aloghor,????,TL-NW-ALNUM,"'aloghor':'????',"
aloha,aloha,????,TL-NW-ALNUM,"'aloha':'????',"
alohaishoppe,alohaishoppe,?????????,TL-NW-ALNUM,"'alohaishoppe':'?????????',"
alokayon,alOke`on,???????,TL-NW-ALNUM,"'alokayon':'???????',"
alokozay,alokozay,??????,TL-NW-ALNUM,"'alokozay':'??????',"
aloksak,aloksak,???????,TL-NW-ALNUM,"'aloksak':'???????',"
alomelo,alomelo,?????,TL-NW-ALNUM,"'alomelo':'?????',"
alomgir,alomgir,??????,TL-NW-ALNUM,"'alomgir':'??????',"
alondra,alondra,????????,TL-NW-ALNUM,"'alondra':'????????',"
along,along,???,TL-NW-ALNUM,"'along':'???',"
alongm,aloNgm,?????,TL-NW-ALNUM,"'alongm':'?????',"
alonji,alonji,??????,TL-NW-ALNUM,"'alonji':'??????',"
alonkar,alonkar,???????,TL-NW-ALNUM,"'alonkar':'???????',"
alonso,alonso,?????,TL-NW-ALNUM,"'alonso':'?????',"
alosa,alosa,????,TL-NW-ALNUM,"'alosa':'????',"
alova,alova,????,TL-NW-ALNUM,"'alova':'????',"
alovin,alovin,?????,TL-NW-ALNUM,"'alovin':'?????',"
alowell,aloOyel,??????,TL-NW-ALNUM,"'alowell':'??????',"
alpatronix,alpaTronix,?????????????,TL-NW-ALNUM,"'alpatronix':'?????????????',"
alpecin,alpecin,????????,TL-NW-ALNUM,"'alpecin':'????????',"
alpella,alpella,?????????,TL-NW-ALNUM,"'alpella':'?????????',"
alpen,alpen,??????,TL-NW-ALNUM,"'alpen':'??????',"
alpenlibe,alpenlibe,?????????,TL-NW-ALNUM,"'alpenlibe':'?????????',"
alpenliebe,alpenliebe,??????????,TL-NW-ALNUM,"'alpenliebe':'??????????',"
alpha,alpha,????,TL-NW-ALNUM,"'alpha':'????',"
alpha-h,alpha-h,alpha-h,TL-NW-Error,"'alpha-h':'alpha-h',"
alpha-x,alpha-x,alpha-x,TL-NW-Error,"'alpha-x':'alpha-x',"
alpha2020,alphe2020,???????,TL-NW-ALNUM,"'alpha2020':'???????',"
alphabox,alphabox,????????,TL-NW-ALNUM,"'alphabox':'????????',"
alphabyte,alphabite,???????,TL-NW-ALNUM,"'alphabyte':'???????',"
alphagear,alphagiar,?????????,TL-NW-ALNUM,"'alphagear':'?????????',"
alphagomed,alphagomed,????????,TL-NW-ALNUM,"'alphagomed':'????????',"
alphalab,alpha`lZab,?????????,TL-NW-ALNUM,"'alphalab':'?????????',"
alphanso,alphanso,???????,TL-NW-ALNUM,"'alphanso':'???????',"
alphapeutic,alphapeuTik,??????????,TL-NW-ALNUM,"'alphapeutic':'??????????',"
alphapharm,alphapharm,????????,TL-NW-ALNUM,"'alphapharm':'????????',"
alphapower,alphapa``Oar,??????????,TL-NW-ALNUM,"'alphapower':'??????????',"
alpharedo,alpharedo,???????,TL-NW-ALNUM,"'alpharedo':'???????',"
alphas,alphas,?????,TL-NW-ALNUM,"'alphas':'?????',"
alphat,alphat,?????,TL-NW-ALNUM,"'alphat':'?????',"
alphatone,alphaTone,??????,TL-NW-ALNUM,"'alphatone':'??????',"
alphay,alphay,?????,TL-NW-ALNUM,"'alphay':'?????',"
alphewgo,alphewgo,??????,TL-NW-ALNUM,"'alphewgo':'??????',"
alphonse,alphonse,??????,TL-NW-ALNUM,"'alphonse':'??????',"
alphosyl,alphosyl,???????,TL-NW-ALNUM,"'alphosyl':'???????',"
alphun,alphun,?????,TL-NW-ALNUM,"'alphun':'?????',"
alpina,alpina,???????,TL-NW-ALNUM,"'alpina':'???????',"
alpine,alpine,??????,TL-NW-ALNUM,"'alpine':'??????',"
alpinepac,alpinepac,??????????,TL-NW-ALNUM,"'alpinepac':'??????????',"
alpinestars,alpinesTars,?????????????,TL-NW-ALNUM,"'alpinestars':'?????????????',"
alpinet,alpineT,????????,TL-NW-ALNUM,"'alpinet':'????????',"
alpk-2,alpk-2,alpk-2,TL-NW-Error,"'alpk-2':'alpk-2',"
alpk1,alpk1,??????,TL-NW-ALNUM,"'alpk1':'??????',"
alpk2,alpk2,??????,TL-NW-ALNUM,"'alpk2':'??????',"
alpolo,alpolo,?????,TL-NW-ALNUM,"'alpolo':'?????',"
alpoo,alpoo,?????,TL-NW-ALNUM,"'alpoo':'?????',"
alps,alps,?????,TL-NW-ALNUM,"'alps':'?????',"
alqolam,alqolam,??????,TL-NW-ALNUM,"'alqolam':'??????',"
alqvimia,alqvimia,?????????,TL-NW-ALNUM,"'alqvimia':'?????????',"
alrehab,alrehab,????????,TL-NW-ALNUM,"'alrehab':'????????',"
alrich,alric,??????,TL-NW-ALNUM,"'alrich':'??????',"
alrk2,alrk2,??????,TL-NW-ALNUM,"'alrk2':'??????',"
als,als,???,TL-NW-ALNUM,"'als':'???',"
alsafloor,alsafloor,?????????,TL-NW-ALNUM,"'alsafloor':'?????????',"
alsamiran,alsamiran,?????????,TL-NW-ALNUM,"'alsamiran':'?????????',"
alseal,alseal,???????,TL-NW-ALNUM,"'alseal':'???????',"
alseye,alseye,?????,TL-NW-ALNUM,"'alseye':'?????',"
alshabab,alshabab,???????,TL-NW-ALNUM,"'alshabab':'???????',"
alshafay,alshafay,???????,TL-NW-ALNUM,"'alshafay':'???????',"
alshifa,alshifa,??????,TL-NW-ALNUM,"'alshifa':'??????',"
alshifaa,alshifaa,??????,TL-NW-ALNUM,"'alshifaa':'??????',"
alston,alsTon,??????,TL-NW-ALNUM,"'alston':'??????',"
alstron,alsTron,????????,TL-NW-ALNUM,"'alstron':'????????',"
alsyiqi,alsyiqi,????????,TL-NW-ALNUM,"'alsyiqi':'????????',"
alta,alta,????,TL-NW-ALNUM,"'alta':'????',"
altai,altai,?????,TL-NW-ALNUM,"'altai':'?????',"
altana,altaZna,?????????,TL-NW-ALNUM,"'altana':'?????????',"
altanus,altanus,???????,TL-NW-ALNUM,"'altanus':'???????',"
altapharma,alTapharma,??????????,TL-NW-ALNUM,"'altapharma':'??????????',"
altaya,altaya,??????,TL-NW-ALNUM,"'altaya':'??????',"
altaz,altaz,?????,TL-NW-ALNUM,"'altaz':'?????',"
altbalaji,altbale jei,?????? ???,TL-NW-ALNUM,"'altbalaji':'?????? ???',"
altec,alTek,??????,TL-NW-ALNUM,"'altec':'??????',"
altech,alTek,??????,TL-NW-ALNUM,"'altech':'??????',"
alteco,alTeko,??????,TL-NW-ALNUM,"'alteco':'??????',"
altel,altel,?????,TL-NW-ALNUM,"'altel':'?????',"
altenbach,altenbach,????????,TL-NW-ALNUM,"'altenbach':'????????',"
altenew,altenew,???????,TL-NW-ALNUM,"'altenew':'???????',"
altenkirch,altenkirch,??????????,TL-NW-ALNUM,"'altenkirch':'??????????',"
alter,alTar,??????,TL-NW-ALNUM,"'alter':'??????',"
alternate,alTarnate,?????????,TL-NW-ALNUM,"'alternate':'?????????',"
alternatif,alTarnaTif,???????????,TL-NW-ALNUM,"'alternatif':'???????????',"
alternative,alTarnaTive,???????????,TL-NW-ALNUM,"'alternative':'???????????',"
altex,alTex,????????,TL-NW-ALNUM,"'altex':'????????',"
alteya,alteya,??????,TL-NW-ALNUM,"'alteya':'??????',"
althlemon,althlemon,???????,TL-NW-ALNUM,"'althlemon':'???????',"
altimate,alTaimT,????????,TL-NW-ALNUM,"'altimate':'????????',"
altin,alTin,??????,TL-NW-ALNUM,"'altin':'??????',"
alton,alTon,?????,TL-NW-ALNUM,"'alton':'?????',"
altrient,altrient,??????????,TL-NW-ALNUM,"'altrient':'??????????',"
altronix,alTronix,???????????,TL-NW-ALNUM,"'altronix':'???????????',"
altruist,alTruisT,???????????,TL-NW-ALNUM,"'altruist':'???????????',"
altson,altson,?????,TL-NW-ALNUM,"'altson':'?????',"
altura,altura,??????,TL-NW-ALNUM,"'altura':'??????',"
altus,altus,?????,TL-NW-ALNUM,"'altus':'?????',"
altusen,altusen,???????,TL-NW-ALNUM,"'altusen':'???????',"
alu,alu,???,TL-NW-ALNUM,"'alu':'???',"
alu-art,alu-art,alu-art,TL-NW-Error,"'alu-art':'alu-art',"
alubright,alubright,?????????,TL-NW-ALNUM,"'alubright':'?????????',"
alucid,alucid,??????,TL-NW-ALNUM,"'alucid':'??????',"
alud,alud,????,TL-NW-ALNUM,"'alud':'????',"
alumania,alumania,?????????,TL-NW-ALNUM,"'alumania':'?????????',"
alumaster,alumasTar,??????????,TL-NW-ALNUM,"'alumaster':'??????????',"
aluminaid,alu`minaid,?????????,TL-NW-ALNUM,"'aluminaid':'?????????',"
aluminum,aluminum,????????,TL-NW-ALNUM,"'aluminum':'????????',"
aluratek,aluraTek,????????,TL-NW-ALNUM,"'aluratek':'????????',"
alusafe,alusef,??????,TL-NW-ALNUM,"'alusafe':'??????',"
alusi,alusi,?????,TL-NW-ALNUM,"'alusi':'?????',"
alv,alv,????,TL-NW-ALNUM,"'alv':'????',"
alv-wellness,alv-wellness,alv-wellness,TL-NW-Error,"'alv-wellness':'alv-wellness',"
alvaro,alvaro,??????,TL-NW-ALNUM,"'alvaro':'??????',"
alvee,alvI,?????,TL-NW-ALNUM,"'alvee':'?????',"
alverde,alverde,???????,TL-NW-ALNUM,"'alverde':'???????',"
alves,alves,??????,TL-NW-ALNUM,"'alves':'??????',"
alveu,alveu,??????,TL-NW-ALNUM,"'alveu':'??????',"
alvia,alvia,???????,TL-NW-ALNUM,"'alvia':'???????',"
alviero,alviero,???????,TL-NW-ALNUM,"'alviero':'???????',"
alvin,alvin,??????,TL-NW-ALNUM,"'alvin':'??????',"
alvina,alvina,???????,TL-NW-ALNUM,"'alvina':'???????',"
alvins,alvins,????????,TL-NW-ALNUM,"'alvins':'????????',"
alvira,alvira,???????,TL-NW-ALNUM,"'alvira':'???????',"
alwafi,alwafi,???????,TL-NW-ALNUM,"'alwafi':'???????',"
alwafiey,alwafiey,?????????,TL-NW-ALNUM,"'alwafiey':'?????????',"
always,alooyes,??????,TL-NW-ALNUM,"'always':'??????',"
always21,alooyes21,????????,TL-NW-ALNUM,"'always21':'????????',"
always4you_mall,always4you_mall,always4you_mall,Long-word,"'always4you_mall':'always4you_mall',"
alwayslove,alooyeslove,?????????,TL-NW-ALNUM,"'alwayslove':'?????????',"
alwayz,alooyez,??????,TL-NW-ALNUM,"'alwayz':'??????',"
alx,alx,?????,TL-NW-ALNUM,"'alx':'?????',"
alxinma,alxinma,??????????,TL-NW-ALNUM,"'alxinma':'??????????',"
alyahyaâ,aliahyaâ,?????????â,TL-NW-ALNUM,"'alyahyaâ':'?????????â',"
alyahyaã‚â,alyahyaã‚â,alyahyaã‚â,TL-NW-Error,"'alyahyaã‚â':'alyahyaã‚â',"
alyberry,aliberri,??????,TL-NW-ALNUM,"'alyberry':'??????',"
alyla,alila,?????,TL-NW-ALNUM,"'alyla':'?????',"
alysi,alisi,?????,TL-NW-ALNUM,"'alysi':'?????',"
alyssa,alisa,?????,TL-NW-ALNUM,"'alyssa':'?????',"
alytimes,aliTaims,????????,TL-NW-ALNUM,"'alytimes':'????????',"
alyura,aliura,??????,TL-NW-ALNUM,"'alyura':'??????',"
alyzee,alizI,?????,TL-NW-ALNUM,"'alyzee':'?????',"
alzahra,alzahra,????????,TL-NW-ALNUM,"'alzahra':'????????',"
alzawiah,alzawiah,?????????,TL-NW-ALNUM,"'alzawiah':'?????????',"
alzeena,alzIna,??????,TL-NW-ALNUM,"'alzeena':'??????',"
alzena,alzena,??????,TL-NW-ALNUM,"'alzena':'??????',"
alzipmat,alzipmat,????????,TL-NW-ALNUM,"'alzipmat':'????????',"
alzo,alzo,???,TL-NW-ALNUM,"'alzo':'???',"
alzohaib,alzohaib,???????,TL-NW-ALNUM,"'alzohaib':'???????',"
alzrc,alzrc,??????,TL-NW-ALNUM,"'alzrc':'??????',"
am+pm,am+pm,am+pm,TL-NW-Error,"'am+pm':'am+pm',"
ama,ama,???,TL-NW-ALNUM,"'ama':'???',"
amacam,amakam,??????,TL-NW-ALNUM,"'amacam':'??????',"
amace,ameis,?????,TL-NW-ALNUM,"'amace':'?????',"
amaderbazar,ameDrbazar,???????????,TL-NW-ALNUM,"'amaderbazar':'???????????',"
amadora,amaZDOra,??????????,TL-NW-ALNUM,"'amadora':'??????????',"
amagic,amejik,??????,TL-NW-ALNUM,"'amagic':'??????',"
amagoing,amagoing,??????,TL-NW-ALNUM,"'amagoing':'??????',"
amagolf,amagolf,??????,TL-NW-ALNUM,"'amagolf':'??????',"
amaizin,amaizin,???????,TL-NW-ALNUM,"'amaizin':'???????',"
amajon,ame jeon,?? ????,TL-NW-ALNUM,"'amajon':'?? ????',"
amali,amali,?????,TL-NW-ALNUM,"'amali':'?????',"
amalibay,amalibay,????????,TL-NW-ALNUM,"'amalibay':'????????',"
amami,amami,?????,TL-NW-ALNUM,"'amami':'?????',"
amamia,amamia,???????,TL-NW-ALNUM,"'amamia':'???????',"
aman,aman,????,TL-NW-ALNUM,"'aman':'????',"
amanah,amaZnah,?????????,TL-NW-ALNUM,"'amanah':'?????????',"
amanda,amanda,???????,TL-NW-ALNUM,"'amanda':'???????',"
amani,amani,?????,TL-NW-ALNUM,"'amani':'?????',"
amanida,amanida,???????,TL-NW-ALNUM,"'amanida':'???????',"
amanot,amanot,?????,TL-NW-ALNUM,"'amanot':'?????',"
amanstino,amansTino,?????????,TL-NW-ALNUM,"'amanstino':'?????????',"
amant?â©,amant?â©,amant?â©,TL-NW-SP-Error,"'amant?â©':'amant?â©',"
amapola,amapola,??????,TL-NW-ALNUM,"'amapola':'??????',"
amar_fashion,amar_fashion,amar_fashion,TL-NW-SP-Error,"'amar_fashion':'amar_fashion',"
amaranth,amaranth,????????,TL-NW-ALNUM,"'amaranth':'????????',"
amaranthine,amaranthine,??????????,TL-NW-ALNUM,"'amaranthine':'??????????',"
amaravati,amaravaTi,?????????,TL-NW-ALNUM,"'amaravati':'?????????',"
amarbabydotcom,amarbabidotkom,????????????,TL-NW-ALNUM,"'amarbabydotcom':'????????????',"
amarbazer,amarbazer,?????????,TL-NW-ALNUM,"'amarbazer':'?????????',"
amarcare,amarkeyar,?????????,TL-NW-ALNUM,"'amarcare':'?????????',"
amardenim,amarDenim,?????????,TL-NW-ALNUM,"'amardenim':'?????????',"
amarelec,amarelec,????????,TL-NW-ALNUM,"'amarelec':'????????',"
amarelle,amarelle,????????,TL-NW-ALNUM,"'amarelle':'????????',"
amari,amari,?????,TL-NW-ALNUM,"'amari':'?????',"
amarishop,amarishop,???????,TL-NW-ALNUM,"'amarishop':'???????',"
amarjhuri,amarjhuri,????????,TL-NW-ALNUM,"'amarjhuri':'????????',"
amark,amark,?????,TL-NW-ALNUM,"'amark':'?????',"
amarkroy,amarkroy,????????,TL-NW-ALNUM,"'amarkroy':'????????',"
amaroo,amaroo,?????,TL-NW-ALNUM,"'amaroo':'?????',"
amaros,amaros,?????,TL-NW-ALNUM,"'amaros':'?????',"
amarprithybi,amarprithibi,????????????,TL-NW-ALNUM,"'amarprithybi':'????????????',"
amarpriyo,amarpriyo,?????????,TL-NW-ALNUM,"'amarpriyo':'?????????',"
amars(tm),amars(tm),amars(tm),TL-NW-SP-Error,"'amars(tm)':'amars(tm)',"
amarshop,amarshop,??????,TL-NW-ALNUM,"'amarshop':'??????',"
amart,aMarrT,??????,TL-NW-ALNUM,"'amart':'??????',"
amart-d,amart-d,amart-d,TL-NW-Error,"'amart-d':'amart-d',"
amaryll,amarill,????????,TL-NW-ALNUM,"'amaryll':'????????',"
amaryllo,amarillo,????????,TL-NW-ALNUM,"'amaryllo':'????????',"
amas,amas,????,TL-NW-ALNUM,"'amas':'????',"
amasie,amasie,??????,TL-NW-ALNUM,"'amasie':'??????',"
amasung,amasang,??????,TL-NW-ALNUM,"'amasung':'??????',"
arbutin,arbuTin,???????,TL-NW-ALNUM,"'arbutin':'???????',"
atar,atar,????,TL-NW-ALNUM,"'atar':'????',"
athletics,athleTiks,?????????,TL-NW-ALNUM,"'athletics':'?????????',"
avien,avien,?????,TL-NW-ALNUM,"'avien':'?????',"
bars,bars,????,TL-NW-ALNUM,"'bars':'????',"
bebe,bebe,???,TL-NW-ALNUM,"'bebe':'???',"
bells,bels,????,TL-NW-ALNUM,"'bells':'????',"
biker,biker,?????,TL-NW-ALNUM,"'biker':'?????',"
bintan,bintan,???????,TL-NW-ALNUM,"'bintan':'???????',"
blinds,blinds,????????,TL-NW-ALNUM,"'blinds':'????????',"
blings,blings,??????,TL-NW-ALNUM,"'blings':'??????',"
bogura,bogura,?????,TL-NW-ALNUM,"'bogura':'?????',"
bradley,bradley,????????,TL-NW-ALNUM,"'bradley':'????????',"
branded,branDed,?????????,TL-NW-ALNUM,"'branded':'?????????',"
briyani,briyani,????????,TL-NW-ALNUM,"'briyani':'????????',"
bronte,bronte,??????,TL-NW-ALNUM,"'bronte':'??????',"
brownies,brownies,????????,TL-NW-ALNUM,"'brownies':'????????',"
busana,busaZna,?????????,TL-NW-ALNUM,"'busana':'?????????',"
butique,buTique,???????,TL-NW-ALNUM,"'butique':'???????',"
christe,chrisTe,???????,TL-NW-ALNUM,"'christe':'???????',"
claudine,claudine,???????,TL-NW-ALNUM,"'claudine':'???????',"
coil,coil,???,TL-NW-ALNUM,"'coil':'???',"
color,kalar,?????,TL-NW-ALNUM,"'color':'?????',"
connor,koNZr,?????,TL-NW-ALNUM,"'connor':'?????',"
corporations,korpora`Sons,?????????,TL-NW-ALNUM,"'corporations':'?????????',"
creations,crea`Sons,?????????,TL-NW-ALNUM,"'creations':'?????????',"
cyrine,cyrine,??????,TL-NW-ALNUM,"'cyrine':'??????',"
d'lious,d'lious,d'lious,TL-NW-SP-Error,"'d'lious':'d'lious',"
d'louis,d'louis,d'louis,TL-NW-SP-Error,"'d'louis':'d'louis',"
decathlon,dekathlon,???????,TL-NW-ALNUM,"'decathlon':'???????',"
delta,delta,?????,TL-NW-ALNUM,"'delta':'?????',"
depot,depot,????,TL-NW-ALNUM,"'depot':'????',"
designs,Di`sa`ins,????????,TL-NW-ALNUM,"'designs':'????????',"
diseãƒâ±os,diseãƒâ±os,diseãƒâ±os,TL-NW-Error,"'diseãƒâ±os':'diseãƒâ±os',"
dokaan,dokaan,????,TL-NW-ALNUM,"'dokaan':'????',"
dunhill,dunhill,????????,TL-NW-ALNUM,"'dunhill':'????????',"
edmonds,edmonds,????????,TL-NW-ALNUM,"'edmonds':'????????',"
ego,ego,??,TL-NW-ALNUM,"'ego':'??',"
en,en,??,TL-NW-ALNUM,"'en':'??',"
energized,energized,?????????,TL-NW-ALNUM,"'energized':'?????????',"
ett,ett,????,TL-NW-ALNUM,"'ett':'????',"
europa,europa,?????,TL-NW-ALNUM,"'europa':'?????',"
eyewear,eyewear,????????,TL-NW-ALNUM,"'eyewear':'????????',"
fashoin,fashoin,?????,TL-NW-ALNUM,"'fashoin':'?????',"
flier,flier,??????,TL-NW-ALNUM,"'flier':'??????',"
flowers,flowers,???????,TL-NW-ALNUM,"'flowers':'???????',"
four,four,???,TL-NW-ALNUM,"'four':'???',"
gadge,gadge,?????,TL-NW-ALNUM,"'gadge':'?????',"
gardens,GarrDens,?????????,TL-NW-ALNUM,"'gardens':'?????????',"
geneve,geneve,?????,TL-NW-ALNUM,"'geneve':'?????',"
genius,genius,??????,TL-NW-ALNUM,"'genius':'??????',"
glasses,glases,???????,TL-NW-ALNUM,"'glasses':'???????',"
goldfish,gO`lDfish,????????,TL-NW-ALNUM,"'goldfish':'????????',"
gremlin,gremlin,?????????,TL-NW-ALNUM,"'gremlin':'?????????',"
groceries,groceries,?????????,TL-NW-ALNUM,"'groceries':'?????????',"
hardwood,hard`uD,??????,TL-NW-ALNUM,"'hardwood':'??????',"
has,has,???,TL-NW-ALNUM,"'has':'???',"
hwani,hwani,??????,TL-NW-ALNUM,"'hwani':'??????',"
hydrox,hydrox,?????????,TL-NW-ALNUM,"'hydrox':'?????????',"
ideas,ideas,??????,TL-NW-ALNUM,"'ideas':'??????',"
impact,impaZkt,???????????,TL-NW-ALNUM,"'impact':'???????????',"
impex,impex,????????,TL-NW-ALNUM,"'impex':'????????',"
impression,imprison,?????????,TL-NW-ALNUM,"'impression':'?????????',"
intertech,inTarTek,?????????,TL-NW-ALNUM,"'intertech':'?????????',"
ism,ism,????,TL-NW-ALNUM,"'ism':'????',"
jewelers,jewelers,????????,TL-NW-ALNUM,"'jewelers':'????????',"
jewellers,jeOyelers,?????????,TL-NW-ALNUM,"'jewellers':'?????????',"
keeper,kIpar,?????,TL-NW-ALNUM,"'keeper':'?????',"
lancing,lancing,???????,TL-NW-ALNUM,"'lancing':'???????',"
leathers,ledars,??????,TL-NW-ALNUM,"'leathers':'??????',"
legion,legion,??????,TL-NW-ALNUM,"'legion':'??????',"
linear,la`inar,??????,TL-NW-ALNUM,"'linear':'??????',"
lipidã¢â€žâ¢,lipidã¢â€žâ¢,lipidã¢â€žâ¢,TL-NW-Error,"'lipidã¢â€žâ¢':'lipidã¢â€žâ¢',"
m@rt,m@rt,m@rt,TL-NW-SP-Error,"'m@rt':'m@rt',"
made,meD,???,TL-NW-ALNUM,"'made':'???',"
mamma,mamma,??????,TL-NW-ALNUM,"'mamma':'??????',"
martini,MarrTini,????????,TL-NW-ALNUM,"'martini':'????????',"
mega,mega,????,TL-NW-ALNUM,"'mega':'????',"
mejdoul,mejdoul,??????,TL-NW-ALNUM,"'mejdoul':'??????',"
mellot,mellot,??????,TL-NW-ALNUM,"'mellot':'??????',"
menz,menz,????,TL-NW-ALNUM,"'menz':'????',"
molds,mO`lDs,??????,TL-NW-ALNUM,"'molds':'??????',"
moncayo,monkayo,??????,TL-NW-ALNUM,"'moncayo':'??????',"
mosquito,mosquito,??????,TL-NW-ALNUM,"'mosquito':'??????',"
mountaineering,mountainIring,????????????,TL-NW-ALNUM,"'mountaineering':'????????????',"
natura,NzaCara,???????,TL-NW-ALNUM,"'natura':'???????',"
need,nId,???,TL-NW-ALNUM,"'need':'???',"
need's,need's,need's,TL-NW-SP-Error,"'need's':'need's',"
needs,nIds,????,TL-NW-ALNUM,"'needs':'????',"
networks,neTOyarks,??????????,TL-NW-ALNUM,"'networks':'??????????',"
nt,nt,???,TL-NW-ALNUM,"'nt':'???',"
omega,omega,?????,TL-NW-ALNUM,"'omega':'?????',"
one(ctg),one(ctg),one(ctg),TL-NW-SP-Error,"'one(ctg)':'one(ctg)',"
onlline,onlla`in,????????,TL-NW-ALNUM,"'onlline':'????????',"
only,onli,????,TL-NW-ALNUM,"'only':'????',"
paulin,paulin,??????,TL-NW-ALNUM,"'paulin':'??????',"
pease,pease,?????,TL-NW-ALNUM,"'pease':'?????',"
pedals,pedals,??????,TL-NW-ALNUM,"'pedals':'??????',"
planner,plannir,?????????,TL-NW-ALNUM,"'planner':'?????????',"
plaza,plaza,??????,TL-NW-ALNUM,"'plaza':'??????',"
proderm,prOderm,????????,TL-NW-ALNUM,"'proderm':'????????',"
raldo,raldo,????,TL-NW-ALNUM,"'raldo':'????',"
roca,roka,???,TL-NW-ALNUM,"'roca':'???',"
safia,safia,??????,TL-NW-ALNUM,"'safia':'??????',"
sanctuary,sanctuari,???????????,TL-NW-ALNUM,"'sanctuary':'???????????',"
schladerer,schladerer,?????????,TL-NW-ALNUM,"'schladerer':'?????????',"
season,season,??????,TL-NW-ALNUM,"'season':'??????',"
seasons,seasons,????????,TL-NW-ALNUM,"'seasons':'????????',"
sebold,sebO`lD,???????,TL-NW-ALNUM,"'sebold':'???????',"
seeds,sids,????,TL-NW-ALNUM,"'seeds':'????',"
seltzer,seltzer,???????,TL-NW-ALNUM,"'seltzer':'???????',"
sentosa,senTosa,???????,TL-NW-ALNUM,"'sentosa':'???????',"
shb,shb,??,TL-NW-ALNUM,"'shb':'??',"
shoo,shoo,??,TL-NW-ALNUM,"'shoo':'??',"
shops,shops,????,TL-NW-ALNUM,"'shops':'????',"
sinar,sinar,?????,TL-NW-ALNUM,"'sinar':'?????',"
sleeves,slIves,???????,TL-NW-ALNUM,"'sleeves':'???????',"
softtech,sofTTek,???????,TL-NW-ALNUM,"'softtech':'???????',"
solly,solli,?????,TL-NW-ALNUM,"'solly':'?????',"
sport,spOrrT,???????,TL-NW-ALNUM,"'sport':'???????',"
stationery,sTa`Soneri,?????????,TL-NW-ALNUM,"'stationery':'?????????',"
stingless,sTingles,????????,TL-NW-ALNUM,"'stingless':'????????',"
stlye,sTlie,??????,TL-NW-ALNUM,"'stlye':'??????',"
styles,sTa`ils,???????,TL-NW-ALNUM,"'styles':'???????',"
sundry,sandri,????????,TL-NW-ALNUM,"'sundry':'????????',"
superspeed,suparspId,??????????,TL-NW-ALNUM,"'superspeed':'??????????',"
superwifi,suparwifi,??????????,TL-NW-ALNUM,"'superwifi':'??????????',"
technolgy,Teknolgi,????????,TL-NW-ALNUM,"'technolgy':'????????',"
telesis,Telisis,???????,TL-NW-ALNUM,"'telesis':'???????',"
terrain,Tarrain,???????,TL-NW-ALNUM,"'terrain':'???????',"
terryjump,Tarrijump,????????,TL-NW-ALNUM,"'terryjump':'????????',"
them,them,???,TL-NW-ALNUM,"'them':'???',"
things,things,????,TL-NW-ALNUM,"'things':'????',"
tobacco,tobekco,?????,TL-NW-ALNUM,"'tobacco':'?????',"
too,too,??,TL-NW-ALNUM,"'too':'??',"
toyland,ToylZanD,?????????,TL-NW-ALNUM,"'toyland':'?????????',"
travek,travek,???????,TL-NW-ALNUM,"'travek':'???????',"
treatment,treatmenT,?????????????,TL-NW-ALNUM,"'treatment':'?????????????',"
trulystep,TrulisTep,???????????,TL-NW-ALNUM,"'trulystep':'???????????',"
types,Tipes,?????,TL-NW-ALNUM,"'types':'?????',"
unwin,unuin,?????,TL-NW-ALNUM,"'unwin':'?????',"
use,use,??,TL-NW-ALNUM,"'use':'??',"
usen,usen,????,TL-NW-ALNUM,"'usen':'????',"
vapor,vapor,????,TL-NW-ALNUM,"'vapor':'????',"
vera,vera,????,TL-NW-ALNUM,"'vera':'????',"
vhubon,vhubon,?????,TL-NW-ALNUM,"'vhubon':'?????',"
voucher,vouchar,?????,TL-NW-ALNUM,"'voucher':'?????',"
wardrobe,`Oardrobe,????????,TL-NW-ALNUM,"'wardrobe':'????????',"
wines,Oyains,???????,TL-NW-ALNUM,"'wines':'???????',"
womenz,womenz,??????,TL-NW-ALNUM,"'womenz':'??????',"
x6,x6,?????,TL-NW-ALNUM,"'x6':'?????',"
xeeshan,xIshan,????????,TL-NW-ALNUM,"'xeeshan':'????????',"
xiaojie,xiaojie,???????????,TL-NW-ALNUM,"'xiaojie':'???????????',"
yoga,yoga,????,TL-NW-ALNUM,"'yoga':'????',"
yours,yours,?????,TL-NW-ALNUM,"'yours':'?????',"
youã¢â€žâ¢,youã¢â€žâ¢,youã¢â€žâ¢,TL-NW-Error,"'youã¢â€žâ¢':'youã¢â€žâ¢',"
zahra,zahra,??????,TL-NW-ALNUM,"'zahra':'??????',"
